key,palabras
ll,allá!!!
br,bro
rptndd,hayropatendida
lddrts,ladedoritos
ch,wacha
cbrts,12cubiertos
z,9z
v,:v
cbllt,acaballito
crdprr,acaradeperro
cs,acasa
ccch,acococho
fll,afull
lbrtl,alabartola
lchp,alachapa
lcnchdllr,alaconchadelalora
lgldncbd,alagiladanicabida
lmrsc,alamarosca
lpltt,alapelotita
lschp,alaschapa
lschps,alaschapas
lsgchs,alasguachas
lsgmzs,alosgomazos
lsmñzs,alosmoñazos
lspnchzs,alosponchazos
ml,amil
nln,anailon
nln,anaylon
psdtrtg,apasodetortuga
pdl,apedal
pl,apelo
pntcrml,apuntocaramelo
pntjtdcsch,apuntojutodecosecha
rjtbl,arajatabla
rlt,arolete
tr,atr
tdcl,atodoculo
tdtrp,atodotrapo
bj,abeja
bct,abocate
bmbd,abombado
bmb,abombó
brtr,abortera
brtr,abortera/o
brlts,abrelatas
brbc,abriboca
brrcnch,abrircancha
brchd,abrochado
brj,abrojo
blnrs,abulinarse
brrd,aburrido
bs,abuso
cdc,acdc
chnchd,achanchado
ch,ache
chcrs,achicarse
chlt,achilata
chltr,achilatero
ch,acho
cmpt,acm1pt
cbchrs,acobacharse
cbrdr,acobardar
cgtrlgns,acogotarelganso
cmdd,acomodado
csr,acosar
cvchr,acovachar
ctvr,activar
drnr,adornar
fffffrt,afaafaafaafaafaaerteeee
ffffrt,afaafaafaafaerte
ffffrt,afaafaafaafuerte
frt,afaerte
fnc,afanacio
fnnc,afanancio
fnr,afanar
fn,afano
fl,afila
fp,afip
flch,aflecho
frch,afrecho
ftr,after
gchd,agachado
grrnpl,agarraunapala
grrd,agarrado
grrrntn,agarrarantena
grrrdmqn,agarrardemaquina
grrrlpl,agarrarlapala
grrrsls,agarrarselas
gtr,agitar
grndd,agrandada
grndd,agrandado
gntntq,aguantauntoque
gntmlstrps,aguantamelostrapos
gntrlstrps,aguantarlostrapos
gnt,aguante
glch,aguilucho
bn,ahbueno
r,ahre
r,ahre!
stll,ahíastilla
nm,ahínoma
nms,ahínomas
vng,ahivengo
qdc,ahquedecia
r,ahr
r,ahre
rd,ahrexd
vnd,ahuevonado
fn,aifon
j,aijue
jg,ajoyagua
jstcr,ajusticiar
jtz,ajutza
kn,akn
lct,alcohete
lct,alcuete
lrn,alhorno
llbbpt,allobbypete
llb,allobi
lmng,almango
lpl,alpalo
lpd,alpedo
lpdstrlpd,alpedooestaralpedo
lpl,alpelo
lpng,alpingo
lpqnrq,alpiqueenrique
lpch,alpucho
lsbr,alsobre
ltr,altiro
ltkmr,altokemirey
ltkrk,altokeroke
ltq,altoque
ltqmr,altoquemirey
ltqrq,altoqueroque
lvl,alvuelo
lng,alangau
lbrttt,albertítete
lcchf,alcachofa
lct,alcahuete
lccl,alcaucil
lc,alce
ld,aliade
ld,aliado
ll,allá
lllstndnd,allaleestandando
lmj,almeja
lpdsm,alpedismo
lpst,alpiste
lt,alta
ltbrr,altaburra
ltlj,altalija
ltllnts,altallantas
ltpj,altapaja
lt,alto
ltcpds,altocepadis
ltcrv,altociervo/a
ltgt,altogato
lttm,altotema
ltvj,altoviaje
ltkprr,altokeperro
lv,alv
lvrr,alverre
lvrs,alverso
lzd,alzada
lzd,alzado
lzmnd,alzamendi
mc,amaca
mncd,amanecido
mnrd,amanerado
mrg,amargo
mrllnt,amarillento/a
mrllst,amarillista
mrrt,amarrete
mrrtr,amarretear
msjrlntr,amasijarlanutria
msj,amasijo
m,amea
m,ameo
m,ami
mgdtcnt,amigadatecuenta
mgrch,amigarcha
mgv,amigovia
mrtmc,amoratomico
mr,amurá
ñrcpgr,añaracópeguaré
ñrkpgr,añarakopeguare
ns,anashe
ncz,ancazo
nchrnd,anchoreneada
ndcgr,andaacagar
ndfrrchrrs,andaafreírchurros
ndtcs,andáatucasa
ndps,andapashá
ndtmtnt,andaytómateunté
nd,andá!
ndm,andamio
ndrclzd,andarcalzado
ndrjs,andrajoso
ngngst,"anga,angasito"
ng,angau
ngld,angelado
nglcl,angelical
ngrrnt,angurriento
nml,animal
nkrmss,ankaramessi
nkrmssncrmss,"ankaramessi,encaramessi"
ñdljp,añodeljopo
ñdlpd,añodelpedo
nn,anon
ntnzr,antenizar
ntjd,anteojudo
ntchrr,antichorro
ntdp,antidope
ntpnch,antiponchi
ntr,antro
p,ap
plpp,apaaalapapa
pdrnd,apadrinada/o
pg,apagá
pgrltl,apagarlatele
prt,aparato
ps,apasai
pb,apb
pdd,apedado
pndjd,apendejado
plllr,apolillar
plr,apoliyar
prtr,apretar
ptrd,aputarado
qmddv,aqmddv
qmgdv,aqmgdv
qtddm,aqtddm
rr,ara/ará
rf,arafue
rndl,arandela
rblt,arbolito
rgl,argel
rgntnd,argentiniada
rgnt,argento
rglld,argolluda
r,arhe
rm,army
rpnr,arponero
rrnc,arrancá
rrnccnfrz,arrancaconfuerza
rrncmn,arrancamión
rrstrrll,arrastrarelala
rrch,arrecho
rrmrlbchn,arrimarelbochin
rrz,arroz
rrgr,arrugar
sdl,asadeli
sltsls,asaltaasilos
sltcn,asaltacuna
sltcns,asaltacunas
sltpm,asaltapami
slttmb,asaltatumba
slttmbs,asaltatumbas
sltcns,asaltacunas
spmnt,aspamento
sp,aspi
stll,astilla
tnt,atenti
trrnt,atorranta
trrnt,atorrante
tp,atp
tr,atr
trprrcmbcjtlplct,atrperrocumbiacajetealapiolacato
trprrcmbcjtlplgt,atrperrocumbiacajetealapiolagato
trprrcmbgt,atrperrocumbiagato
trch,atrwacho
trdn,atroden
vrgstn,avergaston
vvd,avivado
nt,awantia
k,ayuwoki
zlzls,azul/azules
zlt,azulata
zls,azules
bcn,bacán
bcn,bacano
bch,bachi
b,bae
bgll,bagallo
bgrt,bagarto
bgr,bagayero
bg,bagayo
bgr,bagre
blnt,bailanta
blng,bailongo
bjcgnbj,bajacagonbaja
bjncmb,bajáuncambio
bjrlsdnts,bajarlosdientes
bjrsdlmt,bajarsedelamoto
bjtdlpn,bajatedelponi
bjbch,bajebocha
bjn,bajón
bjnrs,bajonearse
bl,bala
bllr,balayalrìo
blcnr,balconear
bln,balín
blrd,balurdo
bmbc,bambaca
bmb,bambi
bnn,banana
bnnr,bananero
bncntq,bancauntoque
bncm,bancame
bncr,bancar
bncrltm,bancarlatoma
bnctl,bancatela
bncn,bancien
bnd,banda
bndj,bandeja
bñplc,bañopolaco
bnqbch,banquebocha
bqtd,baqueteado
brnd,baranda
brbr,bárbaro
brdr,bardear
brd,bardeo
brdr,bardero
brd,bardo
brqts,barquitos
brrbrv,barrabrava
brrn,barrani
brrg,barriga
brrlt,barrilete
brrltcsmc,barriletecósmico
brsch,barsucho
brtl,bartola
brtl,bartulo
brll,barullo
bsd,basado
bsc,basico
bstchcs,bastachicos
bsrr,basurear
btcz,batacazo
btcln,bataclana
bttdr,batateador
btdr,batidor
btfnd,batifondo
btm,batime
btr,batir
btrndlc,batirundolca
btrc,batricio
bb,beba
bbt,bebeta
bbt,bebeto
bbt,bebota
bbtr,bebotear
bbt,beboteo
bf,beef
bgn,begonia
bnd,bendi
bndcn,bendición
brrt,berreta
brrtn,berretin
bb,biaba
bchr,bichero
bchn,bichin
bch,bicho
bccltr,bicicletear
bdt,bidet
bnd,bienudo
bf,bife
bgt,bigote
bgtr,bigotear
bj,bija
bllkn,billiken
brs,biorsi
brm,birome
brr,birra
brbr,birubiru
bsmn,bisman
b,biyuya
bzrr,bizarro
bzccht,bizcochito
blk,blaky
blnqr,blanquear
bld,bld
bld,bldo/a
b,bo
bb,bobi
bbnbb,bobinaoboby
bclcnchtmdr,bocalaconchaetumadre
bch,bocha
bchn,bochin
bchnch,bochinche
bch,bocho
bcn,bocina
bcn,bocón
bdr,bodrio
b,boe
bf,bofe
bff,boffe
bffd,boffeado.
bf,bofi
bg,boga
bj,bojo
bk,bokeee
bl,bola
bldfrl,boladefraile
bln,bolauno
blcd,bolaceada
blcr,bolacero
blcr,bolaciar
blsdmn,bolasdemono
blstrsts,bolastristes
blz,bolazo
bld,boleado
blt,boleta
bltr,boletear
bl,boli
blsppng,bolishopping
blch,boliche
blchr,bolichero
blchr,bolichero/a
blg,boliguayo
blt,bolita
bllr,bollero
bl,boló
blnq,bolonqui
bldr,boludear
bldt,boludete
bldz,boludez
bld,boludo
bmb,bomba
bmbch,bombacha
bmbchdrm,bombachodromo
bmbn,bombón
bnrns,bonaerense
bnd,bondi
bndr,bondiero
bndlr,bondilero
bndpn,bondipan
bmr,boomer
bt,booty
bqr,boquear
brr,borear
brrd,borrado
brrg,borrego
bst,bosta
bstr,bostero
bstn,boston
btrt,botarate
btj,botija
btnr,botinera
btn,botón
btnd,botoneada
btnr,botonería
bvr,bover
brd,boxeruda
br,boyar
b,boyo
brt,brata
brn,brayan
brzc,brazuca
brc,brc
brdtt,breadwhatwhat
brn,brian
brll,brille
brll,brillo
brlls,brillos
br,bro
brcl,brocoli
brd,broda
brd,brodi
brll,brolly
brnc,bronca
brsk,broski
bt,btw
bbl,bubalu
bch,buche
bch,buchi
bchn,buchón
bchnr,buchonear
bdnz,budinazo
b,bue
b,bueh
bnrd,buenarda
bnrdnrvdv,buenardinorivadavia
bnrdm,buenardium
bnrd,buenardo
bnrd,buenardo/a
bnrd,buenardooooo
bnrdvch,buenardovich
bnz,buenazi
bnvch,buenovich
bnd,buenudo
bfrr,bufarra
bfrrd,bufarrada
bfrrn,bufarron
bffs,buffys
bfs,bufoso
btr,buitre
blvr,bulevar
bllng,bullying
bl,bulo
blt,bulto
br,buri
brr,burra
brr,burro
bsrd,busarda
bsc,busca
bscrrñ,buscarroña
bscrñ,buscaroña
btqr,butaquera
bzrd,buzarda
cmm,cmamó
cmmt,cmamut
cpk,cpiko
cdp,c.d.p
c,c90
cb,cabe
cbz,cabeza
cbzdj,cabezadeajo
cbzdntrch,cabezadeantorcha
cbzdtch,cabezadetacho
cbzdtrm,cabezadetermo
cbzsdnn,cabezasdeenano
cb,cabió
cbl,cabiola
cbrn,cabrón
cbl,cabuli
cbrn,caburnia
cc,caca
cchr,cachar
cchtst,cachateesta
cchng,cachengue
cchtd,cachetada
cch,cachi
cchpln,cachiplin
ccht,cachito
cchs,cachiusa
cchvch,cachivache
cch,cacho
cchnd,cachondo
cchch,cachucha
cchflt,cachufleta
cchz,cachuzo
cc,caco
cdmrtdbsp,cadamuertedeobispo
cdmrtdbspcdmrtbsp,cadamuertedeobispo/cadamuertoobispo
cdls,cadalso
cr,caer
crdmdr,caerdemaduro
crdprp,caerdeprepo
crnlcnt,caerenlacuenta
crllgn,caerleaalguien
crspdzs,caerseapedazos
cfs,cafiso
cgdr,cagador
cgr,cagar
cgrpls,cagarapalos
cgrpds,cagarapedos
cgrfg,cagarfuego
cgstfg,cagastefuego
cgtnts,cagatintas
cgz,cagazo
cgn,cagon
cjt,cajeta
cjtl,cajeteala
cjtr,cajetear
cjtl,cajetiala
cjtll,cajetilla
cjtn,cajetón
cjtd,cajetuda
clbz,calabaza
clcr,calacear
clnc,calanco/a
clr,calar
cls,calasa
clvrnchll,calaveranochilla
clz,calaza
cldr,caldear
cld,caldo
clntrs,calentarse
clch,calicho
clntpvs,calientapavas
clntpjs,calientapijas
cllsvjlsbn,calleseviejolesbiano
cl,calo
clch,calocha
clrch,calorcha
clvkln,calvoklein
clznd,calzonudo
cmd,camada
cmlrd,camalardo
cmndlr,camandulero
cmblch,cambalache
cmrtz,camerutza
cmntdtrr,caminitodetierra
cmpn,campana
cmprng,camporonga
cn,cana
cnd,canada
cncld,cancelado
cnclr,cancelar
cnch,cancha
cnchr,canchero
cndr,candear
cndmb,candombe
cngrjr,cangrejear
cngr,canguro
cnch,caniche
cnllt,canillita
cns,canoas
cntr,cantar
cntrflr,cantarflor
cnt,canto
cnt,canuto
cpng,capanga
cp,capo
cpch,capocha
cprchs,caprichoso
cprrr,capurrear
cqt,caquita
cr,cara
crdnb,caradenabo
crdnlg,caradenalga
crclc,caraculico
crcl,caraculo
crnch,carancho
crvn,caravana
crvnr,caravanear
crbrr,carburar
crl,careli
crt,careta
crtr,caretear
crgd,cargada
crgr,cargar
crgs,cargoso
crgs,cargoso/a
crpl,caripela
crprr,cariperro
crnz,carnaza
crnr,carnero
crln,carolina
crl,carolo
crz,carozo
crprch,carparche
crpr,carpear
crptr,carpetear
crpsnd,carpuseando
crrr,carrear
crrtlld,carretilludo
crtl,cartel
crtlr,cartelera
crtlr,cartelero
crtld,carteludo
crtn,cartón
crch,carucha
crl,carulo
csc,casaca
csct,cascote
csctd,cascoteada
csctrlrnch,cascotearelrancho
cst,casita
cstñz,castañazo
ctrg,caterga
ctng,catinga
ctprr,catiporra
ctrmn,catramina
ctrsc,catrasca
ct,catu
c,caú
cvcl,cavicula
czrnflb,cazarunfulbo
cdt,cdt
cbd,cebado
cbd,cebado/a
cbrs,cebarse
cbllt,cebollita
cbrn,cebruno
cnf,cenfe
cpllr,cepillar
crrlstrsc,cerraelasterisco
crrlp,cerraelopi
crrlrt,cerraelorto
cfk,cfk
chbn,chabón
chbn,chabón/a
chcl,chacal
chcrr,chacarero
chcn,chacon
chct,chacota
chf,chafa
chfr,chafar
chj,chaja
chjchj,chajáchajá
chlr,chalear
chln,chalón
chmbn,chambón
chmg,chamigo
chmllr,chamullar
chmr,chamuyar
chmr,chamuyero
chm,chamuyo
chnc,chance
chncht,chanchita
chnch,chancho
chnclt,chancleta
chncltz,chancletazo
chng,changa
chng,chango
chngt,changuito
chnmnjmvd,chanomanejamivida
chnt,chanta
chntpf,chantapufi
chp,chapa
chpr,chapar
chp,chape
chpr,chapear
chpmsfrt,chapemosfuerte
chpt,chapita
chpcr,chapucero
chq,chaque
chscn,chascón
chsq,chasque
cht,chata
chvn,chavón
ch,che
chb,chebo
chbl,cheboli
chch,checho
chgsn,chegusan
chl,chela
chl,chele
chl,chelo
chpb,chepibe
chr,chera
cht,cheta
chtd,chetado
chtrdchtrdbnrd,"chetardo,chetardi,buenardo."
chtr,chetear
chtt,chetita
chtt,chetito
cht,cheto
chcn,chicana
chct,chicata
chct,chicato
chch,chicha
chchr,chichar
chch,chiche
chflr,chiflar
chflt,chiflete
chll,chill
chlt,chilote
chltl,chilotealo
chmng,chimango/a
chmchrr,chimichurri
chmsk,chimiwaska
chnchd,chinchudo
chnchln,chinchulin
chngr,chingar
chngl,chingola
chnt,chinita
chntll,chinitilla
chnt,chint
chnnnch,chinwenwencha
chpr,chipear
chqs,chiques
chqtj,chiquitaje
chr,chiri
chrmbl,chirimbolo
chrl,chirlo
chrls,chirolas
chsl,chisolo
chtr,chitero
cht,chito
chv,chiva
chvr,chivear
chvrchvr,chiviarochivear
chv,chivo
chzt,chizito
chbrr,choborra
chchn,chochin
chcht,chochito
chch,chocho
chcl,choclo
chc,choco
chclt,chocolate
chctrt,chocotorta
chll,cholulo
chm,choma
chmscrdbs,chomasocordobés
chms,chomaso/a
chmb,chombi
chng,chonga
chng,chongo
chng,chongo.
chngr,chonguear
chrr,chorear
chr,choreo
chrcnt,choricienta
chrcll,choricilla
chrpn,choripan
chrpnr,choripanero
chrplnr,choriplanero
chrz,chorizo
chr,choro
chrr,chorra
chrrnt,chorreante
chrr,chorro
chrrchrnchrr,"chorro,chorean,chorear"
chsn,chosni
cht,chota
cht,choto
chn,choyano
ch,chu
chch,chuchu
chb,chubi
chch,chucha
chchs,chuchis
chc,chucu
chfr,chufear
chf,chufi
chflt,chuflito
chk,chuku.
chlng,chulengo
chll,chulul
chmbmb,chumbimba
chmb,chumbo
chm,chumi
chn,chuni
chñchñr,chuño-chuñar
chpmds,chupamedias
chpcl,chupaculo
chpd,chupado
chpl,chupala
chpmlpj,chupamelapija
chpmds,chupamedias
chpnft,chupanafta
chppj,chupapija
chpr,chupar
chprlsmcs,chuparlosmocos
chplp,chupelupe
chp,chupi
chpn,chupina
chpn,chupón
chrt,churita
chrt,churito
chrrsc,churrasco
chrrt,churrete
chrrnch,churrinche
chrr,churro
chrrnlfctr,churro(nolafactura)
chschr,chuschar
chschd,chuschudo
chsm,chusma
chtr,chutero
cht,chuti
ch,chuyo
cntvnt,cientoveinte
cndr,cindor
cp,cipayo
crj,ciruja
crjr,cirujear
cj,cjau
cl,cla
clndclndstn,clandeoclandestina
clrbl,claribel
clvr,clavar
clvrlvst,clavarelvisto
clv,clave
clvcl,clavicula
clvstr,clavistear
clv,clavo
clvlcht,clavolachota
clt,cleta
clr,cloro
cl,clw
cbn,cobani
ccch,cococho
cdgtlcr,códigotilcara
cgr,coger
cgt,cogote
cgtr,cogotear
cgtd,cogotudo
cm,coima
ck,coki
cl,cola
clchnr,colchonear
clr,colero
clgr,colgar
clgrlgllt,colgarlagalleta
clgrs,colgarse
clf,colifa
clmb,colimba
clnr,colonear
clrd,colorado
clrd,colorado/a
clt,colta
cmbnt,combineta
cmgt,comegato
cmdr,comedor
cmmbrs,comehombres
cmmlpnch,comemeelpancho
cmrlcbz,comerlacabeza
cmrslgn,comerseaalguien
cmrslgrrn,comerseelgarrón
cmrsnsp,comerseunsapo
cmt,cometa
cmt,comite
cmlpp,cómoelpipa
cmms,comomaso
cmpchclstrts,comopachecoalastortas
cmtdllcl,cómoteduelelacola
cmp,compa
cmpchrr,compichorri
cncrp,concarpa
cnlspnts,conlos9puntos
cnch,concha
cnchdllr,conchadelalora
cnchdtrmn,conchadetúhermana
cnchdlpt,conchadelpato
cncht,concheto
cncht,conchita
cnchd,conchuda
cnchd,conchudo
cndtd,condetodo
cnft,confite
cnftr,confitear
cngrbn,congourbano
cn,cono
cns,consu
cpd,copado
cpn,copan
cpr,copar
cprlprd,coparlaparada
cpt,copete
cptd,copeteado
cpt,copito
crchz,corchazo
crk,corki
crk,corky
crnt,corneta
crnd,cornudo
crndcrnd,"cornudo,cornuda"
crnd,cornudo/a
crrd,corrada
crr,correa
crrcllr,correa/collar
crrctv,correctivo
crt,corta
crtlbch,cortalabocha
crtd,cortado
crtddmmb,cortadodemambo
crtdvrd,cortadoverde
crtmmb,cortamambo
crt,corte
crtrch,corterocho
csdngr,cosadenegro
csr,cosario/a
csc,coscu
cscrm,coscuarmy
cst,cosito
cs,coso
ctzd,cotizado/a
ctznd,cotizando
ctrr,cotorra
cvch,covacha
cvn,covani
crck,crack
crnr,cranear
crp,crap
crpr,crapero
crp,crapo
crd,creido
crtr,criatura
crng,cringe
crt,crioito
crstbk,cristibook
crcnt,crocante
crst,crosta
crt,croto
crs,crush
cc,cuac
cl,cualhay
clqrbndmdj,cualquierbondimedeja
clqr,cualquiera
clnq,cualunque
cndpnt,cuandopinta
crtt,cuarteto
ctrdcps,cuatrodecopas
ctrch,cuatrochi
cc,cuca
cctrp,cucatrap
cch,cucha
cchfl,cuchuflo
crr,cuerear
crnr,cuernear
crnd,cuernudo
cr,cuero
ct,cuete
ctr,cuetear
cmb,cuimba
cq,cuiqui
clr,culear
clr,culero
cldclcl,culiado/culiao/culiau
clr,culiar
clll,culillo
clslt,culisuelta
clrt,culoroto
cmp,cumpa
cncnr,cuncunear
crcnch,curcuncho
crd,curda
crp,curepa
crr,curro
crsdr,cursiadera
crtr,curtir
crtt,curtite
crcch,curucucha
csc,cusco
ctcchll,cutu-cuchillo
d,d1
d,da
dl,dale
dlgt,dalegato
dmbl,damebola
dnl,daniela
dnk,dank
dr,dar
drbl,darbola
drclc,darcalce
drcnncñ,darconuncaño
drlrj,darelraje
drnlpr,darenlapera
drlbb,darlabiaba
drmtrc,darmatraca
drmch,darmecha
drpl,darpala
drprsntd,darporsentado
drdrlms,dar/darlemasa
drllj,darlealojo
drscnlgn,darseconalguien
drsldgp,dárseladeguapo
drslnlpr,darselaenlapera
dt,data
dts,dataso
dtz,datazo
dt,dato
ddv,ddv
dc,deacá
dclchn,deacáalachina
dbj,debaja
dbtnbt,deboteenbote
dcr,decara
dctn,decayetano
dfrntml,defrentemal
dlcrmcrm,delacrema/crema
dlsld,delasalada
dlspls,delospelos
dnnc,denancy
dnscr,denascar
dnzrn,denazareno
dnzcr,denazcar
dnz,denazi
dntr,denutria
dnd,deonda
dpn,depana
dpd,depedo
dpl,depiola
dprp,deprepo
dpm,depuma
dqrs,dequerusa
dqrz,dequeruza
drcl,derucula
drcln,deruculini
drt,deruta
drtvch,derutovich
dn,deuna
d,deaa
d,deah
dr,deahre
ddrs,dedearse
dfrstdmntl,deforestadomental
djnms,dejanomas
djrnbnd,dejarenbanda
djdjstllchlfg,deje/dejastelalechealfuego
dltd,deleteado
dlcs,delicioso
dlrr,delirar
dnz,denazi
dnsr,densear
dns,denso
dsbrrncr,desbarrancar
dscnsr,descansar
dscnsr,descansero
dscns,descanso
dscndd,descendido
dscnch,desconche
dscncr,desconocer
dscncrs,desconocerse
dscjrngr,descuajeringar
dsgrñd,desguariñado
dspgd,despegado
dspjmst,despejameestax
dspltdspl,despeloteódespiole
dsplchd,despilachado
dspplm,despiplume
dsbcd,desubicado
dsvljr,desvalijar
dtnd,detonado
dvlvr,devolver
db,dibu
dg,diego
dnd,diondo
ds,diosa
dsr,diosear
dsctc,discoteca
dsprr,disparar
dsbck,diushback
dvr,diver
dccbrts,docecubiertos
dctr,doctor
df,dofo
dgr,dogor
dlp,dolape
dld,dolida
dmnd,dominado
dmngr,dominguear
dndmrdjg,dondemierdajuega
dndtsntst,dondetesentaste
dndtp,dondetopa
dmr,doomer
dppj,dopipaje
drmln,dormilon/a
drmrs,dormirse
drmst,dormiste
dr,dory
dsbstsprqtrssmchplt,dosbesitosporquetresesmuchaplata
dsbstsprqtrsmchplt,dosbesitosporquetresmuchaplata
d,dou
dnt,doun't
d,douuu
dr,doxear
drg,drigo
drg,drigo
drg,drogui
drpr,dropear
dchj,duchaja
dkt,duketo
dk,duki
dlc,dulce
drcll,duracell
drznt,duraznito
dr,duro
drdrcll,duro/duracell
grl,e-girl
sps,easypeasy
chrfl,echarflee
chrflt,echarflit
chrnclrt,echarunclorito
chrsngrc,echarseungarco
chtnpq,echateunpique
dddlpv,edaddelpavo
dg,edgy
mss,eemessi
grl,egirl
m,ehameo
mss,ehmessi
l,el2
ldlcs,eldelicioso
ldmnt,eldemente
llc,elloco
lplc,elpeluca
lqncrrvl,elquenocorrevuela
lsnrspt,elsinrespeto
lsr,elsory
mblr,embolar
mblrs,embolarse
mbl,embole
mbrllr,embrollero
mbrncr,embroncar
mbrr,emburri
mpcd,empacado
mpnd,empanada
mpdd,empedado
mpd,empedo
mprnr,empernar
mpngnt,empingante
mpng,empingue
mpmr,empomar
nbls,enbolas
nllmdlrt,enlalomadelorto
npd,enpedo
nplts,enpelotas
nncmplñs,enuncumpleaños
nntr,enuntiro
ñ,eña
ncmr,encamar
ncntr,encanutar
ncrr,encarar
ncrpd,encarpado
ncscd,encascado
nchstrr,enchastrar
nchstr,enchastre
ncrrs,encuerarse
nclr,encular
ndnnt,endenante
nfrrd,enfierrado
ngllnrs,engallinarse
ngtsr,engatusar
ngng,engaú/angaú
ngmr,engomar
ngrmpr,engrampar
nglchd,engualichado
npngd,enpingado
nrsq,enrosque
nrrsq,enrrosque
ntrrrlchml,enterrarelchimuelo
ntngd,entongado
ntrdtdpbl,entraditadepueblo
ntrmtd,entrometido
nvrjd,enverijado
pcrd,epicardo
pc,épico
sclv,esclave
ssrsprr,esesarey/esporahírey
stdntm,estodountema
sr,esaera
sbrr,esbirro
scbr,escabiar
scb,escabio
scndl,escandaloo!
scpd,escapada
sccs,escoces
scrchr,escrachar
scrch,escrache
scrch,escracho
scrch,escruche
scpfnd,escupifondo
sgnf,esgunfio
skr,eskere
spmnt,espamento
sprmntq,espérameuntoque
spchr,espichar
sqf,esquiafo
stdrcl,estaderucula
stqpl,estaquepela
strpl,estarepiola
stmsmnj,estamosmanija
strlct,estaralcuete
strdlgrr,estardelagorra
strnlgndl,estarenlagóndola
strntr,estarenotra
strnpd,estarenpedo
strnncmpl,estarenuncumple
strnn,estarenuna
strfsld,estarfusilado
strmldlrdnd,estarmaldelaredonda
strrpllr,estarrepollera
strrpst,estarrepuesto
strsld,estarsalado
stsnncmpl,estasenuncumple
stsrfrt,estásrefuerte
stssnctn,estássancayetano
strrlpt,estirarlapata
stcmfctstbff,estocomoafectaestoaboffe
stsngrch,estoesunagarcha
stnsccpp,estonoescocapapi
stntr,estoyenotra
stnpng,estoyenpunga
stmnj,estoymanija
trdlgrr,etardelagorra
z,ez
ftprspcts,ftopayrespects
fc,faca
fch,facha
fchchds,fachachadas
fchr,fachera
fchr,fachero
fchr,fachero/a
fchrl,fachirulo
fch,facho
fcn,facón
fctr,factura
fc,facu
fcmg,facuamigo
ff,fafa
fff,fafafa
fjr,fajar
fj,faje
fk,faka
flcdlgrdttn,falaciadelgordoteton
flkv,falkova
fllt,falluto/a
flp,falopa
flpr,falopero/a
fltrllgnlssplntslgtr,faltarle(aalguien)lossuplentesyelaguatero
flts,faltaso
fltr,faltear
fntbls,fantabuloso
fntsm,fantasma
fntsmr,fantasmear
fntn,fantino
fntch,fantoche
fr,fara
frbt,farabute
frmch,farmache
frmr,farmear
frls,faroles
fsr,fasero
fs,faso
ft,fayuta
ft,fayuto
fc,fc
fd,fde
fctrnc,fecatranca
fk,feka
fmblch,femibolche
fmnz,feminazi
frd,feriado
frnndt,fernandato
frnnd,fernando
frnct,fernecito
frntcncc,fernetconcoca
frntrd,fernetardo
frnl,fernulo
fr,fero
fc,fiaca
fmbr,fiambre
fchr,fichar
fr,fiera
frr,fierro
ffr,fifar
ff,fifí
fgrt,figureti
fj,fija
fnd,finado
fnd,finde
fr,firu
frls,firulais
frlt,firulete
fsr,fisura
ftt,fitito
fmb,fiumba
fl,fla
flc,flaca
flc,flaco
flm,flama
fls,flash
flsr,flashar
flsnd,flasheando
flsr,flashear
flsrcnfnz,flashearconfianza
flsr,flashero
flsr,flashero/a
flchd,flechado/a
fl,flex
flgr,floger
flggr,flogger
flpr,flopero
flrcnt,floricienta
frt,foerte
ffc,fofoca
fgt,fogata
fndblnc,fondoblanco
frns,foranioso
frntr,fornaitear
frrd,forrado
frrr,forrear
frr,forreo
frr,forro
frrs,forros
frtnt,fortnite
fsfrt,fosforito
frc,fraca
frnchtfrncht,franchutoofranchute
frnl,franelea
frnlr,franelear
frnlr,franelero
frpl,frapela
frpr,frapera
frfr,freefire
frsc,fresca
frsqt,fresquete
frkd,frikeado
frp,fripa
frl,frula
frtfntstc,frutifantastico
f,fua
fldg,fuaeldiego
fchbl,fuchibol
fckb,fuckboy
fgtn,fuegotiene
fgtn,fuegotiene?
frdchc,fueradechucu
frdjd,fueradejoda
frtvch,fuertovich
flbt,fulbito
flb,fulbo
fll,full
fmnchr,fumanchar
fmnchr,fumanchero
fmr,fumar
fmt,fumeta
fn,funa
fnd,funado
fnc,funca
fncr,funcar
frr,furro
ftblchmpgn,fútbolchampagne
gb,gabo
gbrl,gabriela
gdrch,gadorcha
gg,gagá
gln,galina
gllg,gallego
glln,gallina
gllns,gallinas
gllnr,gallinear
gmb,gamba
gmbtr,gambetear
gmrs,gamers
gnd,ganado
gncsprt,ganciasprite
gng,gang
gns,ganso
grc,garca
grcr,garcar
grch,garcha
grchr,garchar
grc,garco
grmp,garompa
grp,garpa
grpr,garpar
grr,garra
grrpñd,garrapiñada
grrn,garrón
grrndlgrnflt,garróndelagranflauta
grrnr,garronero
grs,garso
gr,garua
grv,garve
grz,garzo
gt,gata
gtr,gatera
gtr,gatero
gtllr,gatillar
gtllfcl,gatillofácil
gtnv,gatinevio
gt,gato
gchd,gauchada
gcht,gauchita
gch,gaucho
gvr,gaver
gvt,gaviota
gd,gede
gdr,gedear
gdntr,gedentear
gdr,geder
gdrl,gederla
gdnt,gediento
gk,geek
gg,gege
gf,gfa
gg,gg
gstr,ghostear
gl,gil
gld,gilada
gr,gira
grm,girame
grs,giroso
glbld,globoludo
gls,goals
gbrnd,gobernado
gbrnd,gobernado/a
gbr,gobir
gd,god
gdt,godeto
gdn,godiano
glz,golazo
gllt,gollete
gls,goloso
gm,goma
grdssndbscchts,gordoasesinodebiscochitos
grdbdndtc,gordobidondetuco
grdcmntrdfctrs,gordocementeriodefacturas
grdtrmtnq,gordotermotanque
grdtrmtnqdñqs,gordotermotanquedeñoquis
grc,gorica
grl,gorila
grr,gorra
grrd,gorreado
grrr,gorrear
grrd,gorriado
grr,gorriao
grrn,gorrión
grrd,gorrudo
gvr,govir
gvr,govir-19
gt,goyete
grcl,graciela
grs,grasa
grt,grata
grtrl,gratarola
grmbl,grimbiule
grng,gringo
grnch,groncho
grn,grone
grsll,grosella
grs,groso
grpr,grupera
gch,guacha
gchz,guachazo
gch,guacho
gdñr,guadañar
gg,guagua
glch,gualicho
gmp,guampa
gmpr,guampear
gmpd,guampudo
gntr,guantiar
grnd,guarando
grng,guarango
grd,guarda
grdplv,guardapolvo
gsc,guasca
gs,guaso/a
gsnch,guasuncho
g,guaú
gmm,guimimi
gt,guita
gtrr,guitarra
gtrrr,guitarrear
gtrrrlmds,guitarrearlamedusa
gl,gula
gr,gurí
grs,gurisa
blmdtnrn,hablamedetenerun.....
bltr,hablitar
cmlgnt,hacemeelaguante
cmlsgnd,hacemelasegunda
crldlcs,hacereldelicioso
crv,hacerhuevo
crlcbz,hacerlacabeza
crnn,hacernoni
crprch,hacerpercha
crllng,hacerlalunga
crslpj,hacerseelpija
crslvg,hacerseelvago
crsmlsngr,hacersemalasangre
crsmrd,hacersemierda
crsnmnl,hacerseunamanuela
crsnpj,hacerseunapaja
ctclr,haceteculiar
ctrtr,haceteortear
ch,hacha
ckr,hacker
rr,harry
tr,hater
blltngt,haxballwhitenight
dp,hdp
v,heavy
chbls,hechobolsa
chprch,hechopercha
chpj,hechopija
ld,helado
mbrl,hembrula
chvs,hichahuevos
jdlvdrr,hijodelvidriero
nch,hincha
nchvs,hinchahuevos
jldr,hojaldre
lpp,holapipi
ls,holis
rn,horny
rrrnt,horroriento
nlpr,hoyenlapera
mldnlpr,hoymeladoyenlapera
s,hueso
v,hueva
vd,huevada
vn,huevon
mt,humita
crdr,icardear
crd,icardi
crdd,icardiado
crdr,icardiar
d,idiai
dk,idk
d,ido
dn,idoneo
g,ig
ldlcfrnnt,ildolcefarniente
nbncbl,inbancable
ncl,incel
nchqbl,inchequeable
ncgbl,incogible
ndspnr,indisponer
nfmbl,infumable
ngnr,ingeniero
nj,inju
njnbl,injunable
nst,insta
nstl,instale
ntrr,interior
rlschps,iralaschapas
rlspds,iralospedos
rlsbr,iralsobre
rslchr,irsealchori
rsprrrb,irseparaarriba
spr,ishpar
t,ite
z,izi
jbr,jabru
jck,jacky
jjnt,jaja'nt
jjnt,jajan't
jlrlgns,jalarelganso
jmc,jamaica
jmndlmd,jamondelmedio
jnr,janear
jp,japa
jp,japi
jps,japish
jrn,jarana
jrr,jarra
jd,jed
jd,jede
jf,jefa
jj,jejox
jnn,jenny
jrm,jermu
jrp,jeropa
jt,jeta
jtnr,jetonear
jv,jeva
jrf,jirafa
jd,joda
jdr,joder
jrc,joraca
jrnl,jornal
jt,jota
js,joush
jvt,jovata/o
jv,jovie
j,joya
jr,joyería
jnt,juanita
jg,juega
jvs,jueves
jgrnprmr,jugarenprimera
jglnzn,jugólanzini
jr,juira
jjñ,jujeño
jlp,julepe
jnr,junar
jnr,junero
jntd,juntada
kmm,kamehameha
kpp,kappa
kppt,kappita
k,kawaii
kf,kefe
klk,keloke
kl,kely
kn,kenai
kn,kenai?
kn,kenaii
kvn,kevin
k,khe
k,khe?
klmb,kilombo
kng,kinga
krchnrst,kirchnerista
krch,kircho
ks,kisiya
kjjjjjjj,kjjjjjjj
kk,kku
krk,korky
k,kua
kg,kug
kk,kuka
kkchrplnr,kukachoriplanero
kkrch,kukaracha
krp,kurepa
lbj,labaja
lbbb,labobba
lcgst,lacagaste
lchnch,lachancha
lcnchdtrmn,laconchadetúhermana
lcnchdtmdr,laconchadetumadre
lcsspspld,lacosasepusopeluda
ldlrsrt,ladelresorte
ldlt,ladeltío
lgrr,lagorra
lgrnn,lagrananaya
lkll,lakelly
llmdlmrd,lalomadelamierda
llmdlcchl,lalomadelcachilo
llmdlchchng,lalomadelchachingo
llmdlccrch,lalomadelcucurucho
llmdlcl,lalomadelculo
llmdlrt,lalomadelorto
llmdlqs,lalomadelqueso
llmdlqnt,lalomadelquinoto
lpr,lapiré
lpng,lapongo
lptmdr,laputamadre
lqd,laquedo
lqdt,laqueduti
lrpc,larepico
lrvvs,larevivís
lrp,larepe
lrmp,larompe
lsld,lasalada
lsb,lasube
ltngprlsl,latengoporelsuelo
ltngrbj,latengorebaja
lg,layegua
lt,layuta
lbrj,laburaja
lbrr,laburar
lbrt,laburito
lcr,lacra
ldr,ladri
lgrt,lagarto
lgnr,lagunero
lm,lam
lnch,lancha
lng,langa
lnzr,lanzar
lrv,larva
lstrr,lastrar
ltn,laton
lch,laucha
lrsd,laurasad
lvndn,lavandina
lvrlpt,lavarelpatio
lvtpr,lavataper
lcdll,lcdll
lcdt,lcdth
lcdtm,lcdtm
ldlcntrlsrmn,ledioelcontrolasuhermano
lfltnjgdrs,lefaltanjugadores
lllnrnlbmb,lellenaronelbombo
lllnrnlccndm,lellenaronlacocinadehumo
lllnrnlccndm,lellenaronlacocinadehumo.
lmnd,lemanda
lchs,lechoso
lchcr,lechucear
lchg,lechuga
lg,legui
lt,leite
ll,lelo
lmr,lemar
lntj,lenteja
lnt,lento
lrd,lerdo
lsbn,lesbiana
lvntr,levantar
lcdr,licuadora
lnzs,lienzos
lgr,ligar
lj,lija
lll,lillo
llls,lillos
lmd,limado
lmd,limado/a
lmr,limar
lmrstrlmd,limar/estarlimado
lm,limo
lnc,lince
lns,linusa
lnr,linyera
l,lio
ls,liso
lstrt,listorti
lt,lit
ltrl,literal
ltrlcrnkzrpt,literalcrankzaharphite
ltrlcrnkzrpt,literalcrankzaharphite
ltrlcrnzjrpt,literalcranzajarphite
lj,lj
llnts,llantas
llc,lleca
llrcnch,lloraconcha
llrpt,llorapito
lm,lmao
lmsmprmsbrt,lomismoperomasbarato
lb,loba
lc,loco
lcr,locro
lg,logi
ll,lol
ll,lola
lls,lolas
llz,lolazo
llr,lolero
ll,loli
lmdlrt,lomadelorto
lmrd,lomardo
lm,lomo
lmdbrr,lomodeburro
lmp,lompa
lmps,lompas
lnp,lonpa
lz,looz
lr,lora
lrc,lorca
lr,lore
lr,loro
lsvslplt,loshuevosalplato
ls,losa
lpm,lpm
lpmqtp,lpmqtp
lpmqtrmp,lpmqtrmp
lpqtp,lpqtp
lptm,lptm
lrcdll,lrcdll
lrpmqlrmp,lrpmqlrmp
lt,lta
lc,luca
lc,lucia
lkmdrc,lukamodric
lkr,lukear
llñ,luleña
lnfrd,lunfarda
lm,lym
ml,maaal
mcc,macaco
mcn,macana
mcnd,macanudo
mct,maceta
mchd,machado
mcht,machete
mchmbr,machimbre
mchrl,machirulo
mcr,macri
mcrct,macricat
mcrgt,macrigato
mcrtps,macritips
mcrclt,macricleta
mcrgt,macrigato
mcrss,macrisis
mcrst,macrista
mcrtps,macritips
mdr,madera
mdrlchn,madreluchona
mg,magoya
mcr,maicra
mkr,maikra
mncr,maincra
mncrft,maincraft
ml,mal
ml,malahí
mlfl,malfla
mllch,malaleche
mlnd,malaonda
mlsngr,malasangre
mlrd,malardo
mlrdvch,malardovich
ml,malay
mlt,maleta
mlfl,malfla
mlvjr,malviajar
mmlchn,mamaluchona
mmdr,mamadera
mmdsm,mamadisimo
mmd,mamado
mmrrch,mamarracho
mmst,mamasita
mmb,mambo
mmbngr,mambonegro
mmbngrmmbblck,mambonegro/mamboblack
mmbk,mamboki
mmbrt,mambreta
mmr,mamero
mmrt,mamerto
mmt,mamito
mm,mamu
mn,man
mns,manaos
mnc,manco
mndl,mandale
mndlmch,mandalemecha
mndrcgr,mandaracagar
mndrlfrnt,mandaralfrente
mndrfrt,mandarfruta
mndrsncgd,mandarseunacagada
mndrstrrs,"mandarse,tirarse"
mndln,mandolina
mndcr,manducar
mndks,mandukas
mnjftr,manejafter
mnjt,manejate
mnjngr,manejenegro
mnr,manero
mng,manga
mng,mango
mngs,mangos
mngr,manguear
mn,maní
mnmncr,maníomanicero
mncr,manicero
mnj,manija
mnjdrs,manija(darse)
mñs,mañoso
mns,mansi
mns,manso
mns,manso/a
mntqt,mantequita
mnl,manuela
mnlsldddplm,manuelasoledaddipalma
mnn,manyín
mnzn,manzana
mnzn,manzana.
mnz,manzo
mqn,maquina
mqnr,maquinar
mrdn,maradona
mrmss,maramessi
mrcd,marcado/a
mrn,mariana
mrmt,marmota
mrpl,marpla
msbldqlplm,másboludoquelapaloma
msch,maschu
msch,máschuu
msclrchlg,masclaroechaleagua
msvl,masvale
ms,masa
msts,masitas
ms,maso
msvr,masovero
mstrbcn,masturbacion
mstrbnd,masturbanda
mtfg,matafuego
mtng,matanga
mt,mate
mtd,mateada
mtc,mateico
mtl,mateoli
mtrl,material
mtscnd,matiascandia
mtnz,matienzo
mtn,matina
mttl,mattioli
mtc,matuco
mtf,matufia
mzt,mazeta
md,md
mddv,mddv
mchptrspngs,mechupatrespingos
mchpnv,mechupaunhuevo
mcmnlspjs,mecomenlospiojos
mcrnncm,mehicieronunacama
mlsb,melasoba
mlspr,melaspiro
mllvscrgrtr,melo/lavasahacergiratorio/a
mmtst,memataste
mpclbgr,mepicaelbagre
mrmvslps,meremoveselpiso
mrpds,merepodes
msntcnft,mesientoconfite
mtmlpl,metomoelpalo
mvllplc,mevuelalapeluca
mr,mear
mrfrdltrr,mearfueradeltarro
mchr,mechera
mdpl,mediapila
mdpl,mediopelo
mdv,medioevo
m,meh
mjs,meju/s
mls,meloso
mm,meme
mnch,mencho
mndc,menduco
mnmst,menemista
mngch,mengueche
mp,mepa
mrc,merca
mrlz,merluza
mrmr,mermar
mrs,mersa
mss,messi
mssfcr,messificar
mssrv,messirve
mt,meta
mtfch,meteficha
mtgl,metegol
mtrfch,meterficha
mtrlscrns,meterloscuernos
mtrp,meterpúa
mtsls,metesulis
mzqnr,mezquinar
mf,mf
mpnmgl,mipanamiguel
mrlgn,mireligión
mch,michi
mchpchng,michipachanga
mckms,mickeymouse
mktsn,miketyson
mlng,milanga
mlngchdsngns,milanguichedesanguinesa
mlds,mildis
mlf,milf
mlpl,milipili
mlc,milico
mlpl,milipili
mmr,mimir
mn,mina
mnrd,minarda
mng,minga
mnpl,minipili
mnt,minita
mnn,minón
mns,minusa
mnc,mionca
msgn,mishiguena
mtmtfftfft,mitymityfifty-fifty
mj,mj
mmlpqtp,mmlpqtp
mchr,mochear
mch,mocho
mch,mocho/a
mdcrst,modocristo
mddbl,mododiablo
mdrr,modorra
mg,moga
mgdn,mogodown
mglc,mogolico
mjrlbzcch,mojarelbizcocho
mjrlvnll,mojarlavainilla
mjn,mojón
mnch,monchi
mnd,monday
mnd,moneda
mngld,mongoloide
mng,mongui
mñ,moño
mntrbtrst,monotributriste
md,mood
mrcpn,morcipan
mrdd,mordido
mrfr,morfar
mrf,morfi
mrfn,morfón
mrpll,morípollo
mrlc,morlaco
mrch,morocho
mrch,morocho/a
mrtl,mortal
mrzgmp,morzaguampa
mrzr,morzear
msc,mosca
msct,moscato
msqtr,mosquetear
mstr,mostro
mtchrr,motochorro
mvd,movida
mvl,móvil
mrf,mrf
mchsdd,muchosidad
mrtt,muertita
mf,mufa
mfr,mufar
mgr,mugre
ml,mulo
mrg,murga
mrr,murra
nb,nabo
nblt,naboleti
ñct,ñácate
ndqvr,nadaquever
nft,nafta
nq,nahq
ns,naisu
nn,nanai
nnc,nancy
nn,nani
np,napia
np,napo
nrnjt,naranjita
nrzprd,narizparada
nrn,narnia
nrn,narnia.
nscr,nascar
ns,nashe
ñp,ñaupa
ñpdltmpdñp,ñaupa(deltiempodeñaupa)
nv,nave
nz,nazi
nzns,nazoonaso
nd,ndea
nd,ndeah
ncstd,necesitado
ngrz,negrazo
ngr,negro
nl,nel
nn,nene
np,nepe
ñr,ñeri
ñrsn,ñerison
ñr,ñery
nvd,nevado
nvrpn,neverpony
ngnch,niagancho
npl,niapalo
npls,niapalos
n,niahí
ncbd,nicabida
ncmpr,nicompro
nnpd,nienpedo
nfnf,nifunifa
nmtr,nimetira
npnt,nipinta
nprpts,niporputas
ntjn,nitejuno
nngnr,ningunear
nñrt,niñorata
nch,niochi
nsmn,nisman
nsmnr,nismanear
nsmr,nismear
nvlds,niveldios
ncznflb,nocazaunfulbo
ncmprr,nocomprar
ncscnldgs,nocoscunolodigas
ndt,nodat
ndtn,nodateano
nsmcdpv,noesmocodepavo
nspr,noesporahí
ngstsplvrnchmngs,nogastespolvoraenchimangos
ngtrrsqntnscrds,noguitarreesquenotenéscuerdas
nm,nohomo
nmprtrnbld,noimportarunbledo
nlllglgltnq,nolellegaelaguaaltanque
nlvnlprllft,nolevenileoyeperoleolfatea
nlvntls,nolevantaeloso
nlms,nolimes
nlsrck,nolosérick
nmnchs,nomanches
nmlbnc,nomelabanco
nmlcnt,nomelaconte
nmlcntnr,nomelaconteiner
nmlcnts,nomelacontes
nmlcntrstk,nomelacounterstike
nmlcntrstrk,nomelacounterstrike
nnrn,nonarnia
nsns,nosense
nsjbn,nosijabón!
ntgsls,notehagaseloso
ntjn,notejuno
ntpngslgrr,notepongaslagorra
ntvls,notevoles
ntr,notira
nvlnmng,novaleunmango
nmnzn,"no,manzana"
nnrn,"no,narnia"
ñb,ñoba
nn,nona
nn,noni
ññ,ñoño
nb,noob
npr,nopor
ñq,ñoqui
nrm,normie
nsvmndsn,nosvemoendisney
nsvmsndsn,nosvemosendisney
nv,novia
nvprt,noviaparty
np,npi
nqv,nqv
nrv,nrv
nt,nt
ntc,ntc
ntj,ntj
ntp,ntp
nd,nude
nds,nudes
ñbl,ñuuubel
nv,nv
chcrnt,ochocuarenta
ct,ocote
ctr,ocotear
ctd,ocotudo
fr,ofri
gt,ogt
jt,ojete
jjtjtggns,ojo/ojito/ojota/o'higgins
jltj,ojoaltejo
jt,ojota
jts,ojotas
kbmr,okboomer
lf,olfa
lvr,olivar
lrchv,olorachivo
lvdftr,olvidafter
lvdt,olvidate
m,oma
nchn,oni-chan
nts,ontas
p,opa
p,opi
ptd,opitudo
rtb,ortiba
rtv,ortiva
rtv,ortiva/o
rtvrs,ortivarse
rt,orto
ssm,osiísmo
s,oso
tk,otaku
tr,otario
trvzsp,otravezsopa
trvlt,otravuelta
vrstr,overshitear
p,pa
pb,paba
pchng,pachanga
pchrr,pachorra
pchrrnt,pachorriento
pchch,pachucha
pchch,pachuchí
pchcht,pachuchito
pchch,pachucho/a
pck,pack
pcpccpccrd,pacu/pacuce/pacucerdo
pfrm,paforme
pgfnts,pagafantas
pl,paila
pln,pailón
pr,paira
pr,pairo
pr,pairo/a
ps,paisa
pj,paja
pjr,pajear
pjr,pajero
pjr,pajero/a
pjn,pajín
pjvch,pajovich
pk,paka
pk,paki
pl,pala
plngn,palangana
plr,palero
plt,paleta
pld,pálida
plmt,palmeta
plm,palmo
pl,palo
pllbls,paloyalabolsa
plm,paloma
plmt,palometa
plmtd,palometeada
plt,palta
pmfln,pamflin
pmpr,pamper
pmpt,pampito
pndlc,pandulce
pnch,pancho
pnchq,panchuque
pnchqr,panchuquera
pnct,pancito
pncc,pancuca
pndt,pandito
pnfln,panflin
pnfl,panflo
pnch,panocha
pnqq,panqueque
pnqqsm,panquequismo
pntfl,pantufla
pnc,panuca
pñltvrd,pañuelitoverde
pñlvrd,pañueloverde
pp,papa
ppgrrn,papágarron
ppg,papagayo
ppnts,papanatas
pprdl,papardela
ppst,papasito
ppst,papasito.
ppd,papeado
ppr,papear
ppln,papelón
pprl,papirola
pprs,papirusa
pp,papo
ppn,papón
ppt,papota
pp,papu
ppch,papucho
ppd,papuda
pps,papusa
pqt,paquete
prdt,paradito
prrsdmns,pararsedemanos
prtdmn,paratedemano
prc,parca
pr,pari
prrnd,parranda
prrpll,parripollo
prtz,partuza
pscmbndlln,pasacomobondilleno
psddrsc,pasadoderosca
psmlrp,pásamelarepe
psplbr,pasapalabra
psrllvr,pasarallevar
psrlgmz,pasarlagamuza
pschr,paschar
ptbls,patabolsa
ptdln,patadelana
ptmsl,patamuslo
ptddllnmnt,patadadeallanamiento
ptschrrds,pataschorreadas
ptd,pateado
ptnd,pateando
ptrlnd,patearelnido
pt,pato
ptcrll,patocriollo
ptvdpltr,patovadepelotero
ptvc,patovica
ptrcnr,patrocinar
pt,paty
pv,pava
pvd,pavada
pvt,pavote
p,payo
pbt,pebete
pct,peceto
pchr,pechar
pchr,pechear
pchfr,pechofrío
pd,pedo
pdbjn,pedobajon
pdlr,pedolor
pdrr,pedorro
pgcmctt,pegacomocotto
pgd,pegado
pgmntbz,pegameuntubazo
pgrnj,pegarunojo
pgrntbz,pegaruntubazo
pgtnbñ,pégateunbaño
p,pei
pn,péina
pn,peine
pjlgrt,pejelagarto
pll,pelela
pll,pelele
plt,peleti
plln,pellon
pl,pelo
plpnch,pelopincho
pltr,pelotear
pltr,pelotero
pltd,pelotudo
plch,peluche
pld,peludo
plqr,peluquear
pnc,penca
pndjr,pendejerio
pndjsm,pendejesima
pndj,pendejo
pnd,pendex
pndrch,pendorcho
pp,pepa
pprn,peperina
ppnr,pepinear
ppn,pepino
pp,pepo
pr,perá
prcnt,percanta
prcntr,percantiar
prch,percha
prjl,perejil
prctdprct,pericatado(pericatao)
prlf,perilife
prkn,perkin
prl,perla
prprdn,peroperdon?
prnch,peroncho
prn,peronia
prnst,peronista
prpl,perpli
prrr,perrear
prrk,perreke
prr,perreo
prr,perri
prr,perro
prsct,persecuta
prsgd,perseguido
psd,pesado
pscd,pescado
ps,peshe
ptrd,petardo
pt,pete
ptr,petera
ptr,petero
pts,petiso
pttnt,pettinato
ptch,petucho/a
pchl,peuchele
pt,phite
pb,piba
pb,pibe
pbcrd,pibecrudo
pbs,pibes
pcj,picaojo
pcd,picado
pcflr,picaflor
pcnt,picante
pcntr,picantear
pcnts,picantes
pcntng,picantongo
pcntvch,picantovich
pcrlbgr,picarelbagre
pch,pichi
pchct,pichicata
pchch,pichicho
pchl,pichila
pchn,pichón
pchndmntc,pichondemanteca
pchl,pichula
pchlr,pichulear
pcs,picuso
pdr,piedra
pfr,pifiar
pj,pija
pjdlc,pijadulce
pjs,pijaso
pjr,pijear
pjrt,pijerto
pjcrt,pijicorto
pjtr,pijotero
pkch,pikachu
pl,pila
plch,pilcha
plt,pileta
plld,pillado
pllr,pillar
pll,pillo
pll,pillo/a
plt,piloto
pñ,piña
pñz,piñazo
pnchr,pinchar
pnchrrt,pincharrata
pnchl,pinchila
pnch,pinchó
pndng,pindonga
pnfl,pinfloi
png,pingo
pnt,pinta
pntlchpdr,pintaelchupadero
pntr,pintar
pnt,pintó
pl,piola
plrd,piolardo
pln,piolin
plvch,piolovich
ppr,pipear
pp,pipi
ppcc,pipícucú
ppn,pipin
pprsns,pipirisnais
pp,pipo
ppn,pipón
pqpq,piquipiqui
prd,pirado
prg,piragua
prch,pirucho
prch,pirucho/a
psrlplt,pisarelpalito
psc,piscui
pspr,pispear
psprt,pispireta
pstr,pistear
pstl,pistola
ptn,pitin
pt,pito
ptdr,pitoduro
ptc,pituco
ptcn,pitucón
ptf,pitufo
ptln,pitulin
pts,pitusa
ptss,pitusas
ptt,pituto
pj,piuju
pzzrd,pizzarda
pzzr,pizzero
plg,plaga
plnch,planche
plndm,plandemia
plnr,planero
plntrs,plantarse
plqt,plaqueta
plt,plata
pltmdnnctv,plataymiedonuncatuve
pls,plis
plmz,plomazo
plm,plomo
plmsvrds,plumasverdes
pcsplgs,pocaspulgas
pch,pocho
pchcl,pochoclo
pchl,pochola
pdrd,podrido
p,poe
pkmn,pokemon
plc,polaco
plnt,polenta
pl,poli
plchz,polichuzo/a
plljr,pollajería
pllr,pollera
pllrd,pollerudo
pll,pollo
pll,polola
pllr,pololear
pmbsr,pombashira
pmld,pomeleado
pml,pomelo
pm,pomo
pnl,ponéle
pnrl,ponerla
pnrslgrr,ponerselagorra
pntl,ponetela10
pntlgrr,ponetelagorra
pn,poni
pnn,ponina
pnj,ponja
ppt,popito
pr,porái
prbld,porboluda
prcchn,porcachona
prf,porfi
prnc,pornoco
prng,poronga
prng,poronga/o
prr,pororó
prtt,porotito
prr,porro
prrn,porrón
prslpng,porsilapongo
prtñ,porteño
pssrpsr,posser/poser
pst,posta
pt,poto
ptt,pototo
ptrz,potrazo
ptr,potro
p,poxi
prslp,pre-sleep
prblch,preboliche
prgntltvj,pregúntaleatuvieja
prgntm,preguntame
prñd,preñada
prv,previa
prvr,previar
prmrr,primerear
prncs,princeso
prtd,priteado
prblcrd,probalacruda
prchrr,prochorro
pt,pt
pt,pti
pch,pucha
pch,puchi
pch,pucho
p,pué
pdsrp,puedeserpa
prtr,puertear
pst,puesto
plnt,pulenta
plnt,pulenta.
pngpngr,punga/punguear
pngr,punguear
pntn,puntano
pp,pupi
pp,pupo
ppd,pupuda
prgt,puroagite
prtcld,puroteclado
prrt,purrete
prr,pururu
pss,pussy
ptrrc,putarraco
ptd,puteada
ptr,puterio
ptnfrr,putinfarra
ptsrt,putishort
ptvlt,putivuelta
qc,qcy
ql,qlo
qs,qsy
qs,qsyo
qbjn,quebajón
qbqsl,queboqueásloyi
qdjstdrmrnc,quedijistede-----armyrancio
qdjstdldmntrmrnc,quedijistedeladementearmyrancio
qdjstdlrmrnc,quedijistedela____armyrancio
qfl,quefla
qgrrn,quegarron
qmrbb,quemirabobo?
qnd,queonda
qndr,queondarey
qpj,quepaja
qqrcnft,quequereconfite
qqrcnft,quequereconfite?
qqrcnft,quequeré'confite
qsldjbrll,"quésal,dijobarullo"
qtl,quetal
qtpnt,quetepinta
qtpntgt,quetepintagato
qtr,quetera
qtrb,quetiraba
qtl,quetul
qvj,queviaje
qbrd,quebrado
qbrr,quebrar
qdrcrts,quedarcortos
qdrrgld,quedarregalado
qdrl,quedarla
qdrspl,quedarsepiola
qdtnlmld,quedateenelmolde
qdtpll,quedatepillo
qdtpl,quedatepiola
qdtqt,quedatequieto
qmd,quemado
qm,quemao
qmr,quemar
qmrs,quemarse
qmrslcbz,quemarselacabeza
qn,quenó
qs,queso
qt,queti
qchcnts,quichicientos
qrgrr,quiereguerra.
qlmb,quilombo
qn,quina
qñz,quiñazo
qnch,quincho
qnr,quinear
qntscln,quintoescalon
qtd,quitada
rdcht,radicheto
rj,rajá
rjr,rajar
rjñr,rajuñar
rmr,ramear
rmr,ramiar
rnchd,ranchada
rnchr,ranchar
rnchr,ranchear
rnch,rancho
rnchprt,ranchoaparte
rnc,rancio
rncvch,ranciovich
rpñr,rapiñar
rqtrqtzrqtrrqtrs,raqueta/raquetazo/raquetear/raquetearse
rqtz,raquetazo
rqtz,raquetazo.
rscrslrgll,rascarselaargolla
rsp,raspa
rstrr,rastrero
rstrll,rastrillo
rt,rata
rttll,ratatouille
rtrs,ratearse
rtr,ratero
rt,rati
rtrs,ratiarse
rt,ratio
rl,raúl
r,raya
rd,rayada
rm,raymi
r,re
rcrd,recrudo
rcmplñr,recumpleañero
rddvlt,redadovuelta
rnktd,reenketada
rg,reguay
rjgd,rejugado
rprtrs,reparaatrás
rptd,repateado
rpch,repochi
rqmd,requemado
rs,resi
rtns,retenasa
rtcd,retocada
rtrbn,returbina
rtrb,returbio
rbtr,rebotar
rbt,reboté
rctt,recatáte
rchckn,rechicken
rcntr,recontra
rsmlbld,reesimalbldo
rfrtr,refritar
rgld,regalado
rl,relax
rlln,relleno
rljr,relojear
rmrndlcdlch,remarendulcedeleche
rmrl,remarla
rmr,remera
rm,remo
rngr,renegar
rqt,réquete
rsctrs,rescatarse
rsctt,rescatate
rtbd,retobado
rtvs,retoves
rvntr,reventar
r,rey
rbr,riber
rcrd,ricarda
rckrck,rickiricki
rckrcn,rickyricon
rctr,ricotero
rkrk,rikiriki
rksrks,rikisrikis
rkpll,rikopollo
rpr,ripear
rp,ripeo
rkt,rkt
rbcns,robacunas
rbcns,robacunas
rbprñ,robopiraña
rbscns,robscunas
rch,rocha
rch,roche
rch,rocho
rckt,rocket
rdll,rodilla
rlng,rolinga
rllng,rollinga
rmpbls,rompebolas
rmpqnts,rompequinotos
rmpbls,rompebolas
rmprll,romperelhielo
rmprlsbls,romperlasbolas
rmprlsplts,romperlaspelotas
rmpt,rompete
rmpts,rompeteese
rmpd,rompido
rñsrñs,roñoso/roñosa
rnprlsbls,ronperlasbolas
rsrgsn,rosarigasino
rsrn,rosarino
rsc,rosca
rsqt,rosquete
rt,rt
rch,ruchi
rclcn,ruculacion
rgbrrr,rugbyerrr
rn,ruina
rmb,rumba
rn,runea
rt,ruta
sblr,sabalero
sbl,sabelo
sbl,sabiola
sblz,sablazo
sclcr,sacalacara
scd,sacado
scrchpcnlg,sacarchapaconalgo
scrdlsbncs,sacardelasbancas.
scrlcr,sacarelcuero
scrlgrr,sacarlagorra
scrplch,sacarpilcha
scrslgrr,sacarselagorra
sch,sacha
sct,sacto
scdrslntr,sacudirselanutria
sd,sad
sf,safa
sfr,safar
sfdrt,safedeorto
sld,salada
sld,salado
slm,salame
slmr,salamero
slmdd,salamidad
slchch,salchicha
sls,saleeso
slrdgr,salirdegira
slrdjd,salirdejoda
slvrlspps,salvarlaspapas
sm,same
smdsm,sameadisimo
snt,sanata
sngns,sanginesa
sngch,sanguche
sntgñ,santiagueño
sp,sape
sr,sara
src,saraca
srctng,saracatunga
srs,sarasa
srn,sarna
srpd,sarpado
sclnt,scaloneta
scmmr,scammear
scn,scene
scrllr,scrollear
scrp,scrupi
scpn,secopan
szrpj,sehizorepija
sldcntrlcntrt,seladiocontraelcanterito
slsmndn,selasmanda(n)
slrtrblpt,seleretraboelpaty
smchlbrr,semeechólaburra
smjntlgnd,semejuntoelganado
sprtsl,separtesolo
spcpc,sepica/pico
spc,sepico
spc,sepicó!
spdrtd,sepudretodo
spsl,sepusola10
spsldz,sepusoladiez
spslgrr,sepusolagorra
srpdr,serepudrio
ssb,sesabe
stcnst,setecayóunasota
scmnt,secamente
sc,seco
scnc,secuencia
scncd,secuenciado
sgndr,segundear
sgndr,segundera
s,seh
sns,sensa
sntt,sentite
srclqr,sercualquiera
srmrn,sermariana
srms,sermasa
srnpndds,serunpandedios
srnms,serunamasa
snfr,shánfori
sr,sharau
sks,shiksa
sks,shikse
sppr,shippear
spp,shippeo
stpst,shitpost
srt,shorta
srt,shorty
ssr,shushear
sch,siche
sk,sike
smn,simón
smp,simp
snbrrtns,sinberretines
snchc,sinchucu
snnpsprtdlmd,sinunpesopartidoalmedio
snc,sinco
snf,sinf
sngr,singar
sm,siome
srnr,sirenear
srnt,sirenita
stpstng,sitposting
skr,skere
skrr,skerry
skr,skre
slc,slc
smk,smk
sbmlqn,sobamelaquena
sbrlpch,sobreelpucho
schr,sochori
sc,socio
sctrc,socotroco
sdr,sodero
sg,soga
sgnd,sogueando
sgr,soguear
sgrl,soguearla
slp,solapa
slc,soloco
spdmcc,sopadomacaco
sppd,sopapeado
sppmlpprl,sopapeamelapapirola
sppr,sopapear
spp,sopapo
sprm,sopermi
spr,sopero
spt,sopita
splbls,soplabolsa
splnc,soplanuca
splmc,soplamoco
splmcs,soplamocos
splrlvl,soplarlavela
spr,sopre
srch,sorchi
srch,sorcho
srt,sorete
srtzrt,soreteozorete
srtr,soretero
sr,soria
ssblt,sosboleta
ssbldntnsvs,sosboludoynotenéshuevos
ssjd,sosjoda
ssjd,sosjoda?
sspll,sospollo
ssrvglnt,sosrevigilante
st,sota
strt,sotreta
skbr,soykheabro
sb,soyboy
splntr,splinter
splr,spoilear
sprs,spóres
sprn,spreen
stlkr,stalkear
stpm,stopeame
strmr,streamer
sb,sube
sbtrnmtrclt,subtrenmetrocleta
srt,suerte
sflsmc,suflásmico
tfchrt,tafacheritohe
tfchrt,tafacheritohe?
tmstcndsñ,tamasticandosueño
trtrvdch,tareatrevidowachoeh
tsn,tasano
tcñ,tacaño
tchr,tachero
tch,tacho
tf,taf
tgrn,tagarna
tllm,tallem
tlndnd,talóndeindio
tmctv,tamoactivo
tmchl,tamochelo
tnsmqdl,tansamequeduele
tng,tanga
tn,tano
tp,tape
tpñr,tapiñero
tqr,taquero
trd,tarada
trd,tarado
trmbn,tarambana
tr,taraoheh
trrr,tararira
trsc,tarasca
trng,taringa
trngr,taringuero
trtmd,tartamuda
tt,tata
tzd,tazudo
tcb,tecabio
tcspdzs,tecaesapedazos
tcg,tecaigo
td,tedoy
tntrg,teentraagua
tfltcll,tefaltacalle
tfstlmrd,tefuistealamierda
tfstlsc,tefuistealasco
tfstlpst,tefuistealpasto
tfstnlprfnd,tefuisteenlaprofunda
tfstmndl,tefuistemundial
tgpll,tehagopollo
tjd,tejede
tldjpcnd,teladejopicando
tlrplc,telareaplicó
tpsstdspbls,tepasastedospueblos
tpnt,tepinta
tpnts,tepintaesa
tpnt,tepinta?
tpsstlgrr,tepusistelagorra
tqm,tequemo
trcb,terecabio
trcj,terecoje
tsltlchrplc,tesaltolachiripiolca
tsntsdscnsr,tesentisdescansero
ttrlsglgs,tetiralosgalgos
tc,teca
tcls,teclas
tkd,tekiado
tlgpr,telgopor
tl,telo
tm,tema
tmkn,temaiken
tms,temaso
tmz,temazo
tmn,temon
tnr,tenehora
tnr,tenehora?
tnrbnscnts,tenerbuenoscantos
tnrcll,tenercalle
tnrlsvslplt,tenerloshuevosalplato
tnrnmmb,tenerunmambo
tnsr,teneshora
tnsnmbr,tenesunhambre
tnglj,tengolija
tngmd,tengomiedo!
tngpj,tengopaja
trr,terere
trm,termo
trmtnq,termotanque
trmtnqdgs,termotanquedeguiso
trmtnqdrvls,termotanquederavioles
trdctl,terodactilo
trrc,terreca
trrbl,terrible
tst,testa
tt,teti
tt,teto
tpl,thopolo
tb,tibio
trn,tierni
tk,tiki
tktk,tikitaka
tlng,tilinga
tlng,tilingo
tlls,tillas
tllpll,tillopillo
tltd,tilteado
tmb,timba
tmbs,timbo/s
tnch,tincho
tnch,tincho.
tnqd,tinquiado
tc,tioco
tr,tira
trgnt,tiragente
trlcnchlbsr,tiralaconchaalabasura
trd,tirada
trmlgm,tiramelagoma
trmlpst,tiramelaposta
trmncntr,tirameuncentro
trpd,tirapedo
trrjn,tirarajena
trrlbc,tirarlaboca
trrlcsprlvntn,tirarlacasaporlaventana
trrlchnclt,tirarlachancleta
trrldm,tirarladehumo
trrlgm,tirarlagoma
trrmntcltch,tirarmantecaaltecho
trrnd,tiraronda
trrncntr,tiraruncentro
trll,tirilla
trr,tirri
tt,titi
tkm,tkm
tm,tmw
tbgndpjs,tobogandepiojos
tcdc,tocádeacá
tclbnd,tocalabanda
tcllnt,tocallanta
tcr,tocar
tcrlbnd,tocarlabanda
tcrlstch,tocarlostacho
tcrlstrrs,tocarlostarros
td,toda
tdlcr,todalacoreo
tds,todxs
tg,toga
tltl,toletole
tl,toli
tll,tololo
tmd,tomado
tmrlpl,tomarelpalo
tmtlpl,tomateelpalo
tmtl,tomátela
tmb,tomboy
tp,topo
tpd,topoide
tq,toque
trd,tordo
trr,torear
trnd,tornado
trnll,tornillo
trrr,torrar
trt,torta
trts,tortas
trtllr,tortillera
trtgr,tortugear
tsc,tosca
ts,tosi
tt,tota
tchndgtchng,touchandgo(tachango)
tc,toxico
tsnnmng,toysinunmango
tpm,tpm
trb,traba
trbd,trabado
trmlcpmss,traemelacopamessi
trg,traga
trglbrs,tragalibros
trgsbl,tragasable
trc,traica
trk,traika
trmblc,trambólico
trnc,tranca
trncplnc,trancapalanca
trnclmt,trancalmate
trnfg,tránfuga
trnkplnk,trankpalank
trnk,tranka
trnkpnk,trankipanki
trnq,tranqui
trnq,tranqui120
trnqlch,tranquilaucha
trnqln,tranquilon
trnqpnch,tranquipanchi
trnqpl,tranquipiola
trns,transa
trnz,tranza
trp,trap
trpt,trapito
trsc,trasca
trv,trava
trvs,traviesa
trvc,travuco
trmnd,tremendo
trcch,tricocho
trsm,troesma
trl,trola
trlz,trolazo
trl,trolo
trmpd,trompada
trmpj,trompija
trnch,troncho
trsk,trosko
trtdr,trotadora
trch,trucho
trqr,truquear
trrd,tryhard
tvj,tuvieja
tvjntng,tuviejaentanga
tb,tubo
tc,tuca
tcn,tucan
tcsn,tucson
tcmns,tucumanaso
tcmnz,tucumanazo
tcmnr,tucumanear
tg,tugo
tj,tuje
tjs,tujes
tk,tuki
tl,tula
tl,tulo
tmbr,tumbero
tnr,tunear
trbd,turbiada
trbn,turbina
trb,turbio
trr,turra
trrd,turrada
trr,turreo
trr,turro
trrndnvdd,turrondenavidad
trrs,turros
trct,turucuto
trlk,turuleka
trl,turulo
ts,tusa
tt,tutú
ttc,tutuca
ttcs,tutucas.
tv,tuvi
t,tuy
bcrs,ubicarse
bctnlplmr,ubicateenlapalmera
dc,udc
f,ufa
nmntn,unmontón
ntq,untoque
nvj,unviaje
nbnd,unabanda.
nmntqt,unamantequita
nsl,unasal
ncdfrnt,únicaydiferente
pd,upd
pt,upite
r,ura
rpl,urpila
ss,uss
tc,utaco
d,uud
v,uvi
vt,uvita
vllvr,vaallover
vcmpñ,vacomopiña
vcmpñlg,vacomopiñaalagua
vcr,vaciar
vclr,vacilar
vg,vagayo
vgn,vagina
vg,vago
vgnt,vagoneta
vnll,vainilla
vmlsbr,vamoalsobre
vmlpb,vamolopibe
vmsvrnpl,vamosaverunapeli
vqr,vaquero
vqtd,vaqueteado/a
vqt,vaquita
vrl,varela
vrlr,varelear
vrnr,varonera
vps,vayaypase
vgn,vegano
vntctrst,veinticuatrosiete
vldr,veladora
vlt,veleta
vndm,vendehumo
vndptr,vendepatria
vnc,veneco
vntlr,ventilar
vntlr,ventolera
vrd,verde
vrds,verdes
vrdgr,verduguear
vrs,verso
vv,vevo
vj,viaje
vjr,viajero
vchr,vichar
vdrsr,vidriosiar
vdrs,vidrioso
vj,vieja
vjvj,vieja/viejo
vjchcl,viejachoclo
vj,viejo
vjlsbn,viejolesbiano
vjvrd,viejoverde
vglnt,vigilante
vll,villa
vllr,villero
vllc,villuca
vngrt,vinagrito
vnbscndcbrncntrr,vinebuscandocobreyencontréoro
vnpltr,vinopiletero
vntg,vintage
vlt,violeta
vln,violin
vrl,viral
vrgl,virgal
vrglrm,virgalarmy
vrgd,virgeado
vrg,virgo
vrgch,virgocho
vrgvch,virgovich
vrgd,virgueado
vrlr,virulear
vvd,vivido
vv,vivo
vldmr,vladimir
vf,vofi
vk,voke
vl,volá
vlrlbch,volarelbocho
vlrlspls,volarlospelos
vs,vos
ch,wacha
chmn,wachimán
chn,wachin
chn,wachina
chtrr,wachiturro
ch,wacho
f,waifu
tm,waiteame
mpsc,wampaseca
nk,wanako
nnb,wannabe
rr,warawara
rp,warap
sk,waska
skr,waskear
tfkznt,watafakizante
n,weon
n,when
l,wile
sng,woshingo
p,wp
ch,wuacha
ld,wuilada
lct,wuilecito
d,xd
cndl,ycandela
cndl,ycandela?
ll,yella
ñ,yeña
strs,yestarosa
strs,yestarosa???
ltmcnsd,ylotomoconsoda
rk,yaerik
f,yafue
qr,yaquería
f,yafu
g,yagua
k,yaki
l,yala
nklnd,yankilandia
cbrg,yaocaberga
q,yaqui
qchn,yaquichan
spr,yasper
dd,ydiay/ydeay
g,yegua
nd,yendo
rbtr,yerbatear
t,yeta
nt,yianta
r,yira
rnt,yiranta
ntjn,yonitejuno
nlpddjrs,yonolopuedodejarasí
dsm,yodesma
l,yolo
rg,yoruga
rg,yorugua
qqcc,yqqcec
s,ysi
s,ysya
gr,yugar
nq,yunque
t,yuta
t,yuto
zbc,zabeca
zfr,zafar
zmrrr,zamarrear
zmpr,zampar
znr,zanahoria
zpll,zapallo
zpr,zapar
zprrstrs,zaparrastroso
zps,zapas
zpt,zapato
zptl,zapatuli
zp,zapayo
zp,zape
zpl,zapla
zrm,zaramay
zrc,zarco
zrpd,zarpado
zrpdvch,zarpadovich
zrplllt,zarpalelalata
zrpr,zarpar
zrprs,zarparse
zrp,zarpe
zrpnlsgts,zarpenlosgatos
zld,zelda
zbcs,zobacos
zdp,zodape
zgc,zogaca
zlcllnc,zolcillonca
zrr,zorra
zrrn,zorrino
zrr,zorro
zkrts,zukaritas
zrdj,zurdaje
zrd,zurdo
zzk,zzk
qblzblcr,¡québolazo!bolacero
qgrrngrrnz,¡quégarrón!ogarronazo
chmgtnr,"¿cheamigo,tené'hora"
trd,¿tearde?
ñ,¿yeña
ñ,¿yeña?
